{
  "random_forest": {
    "accuracy": 0.8042168674698795,
    "report": {
      "Dropout": {
        "precision": 0.8629441624365483,
        "recall": 0.794392523364486,
        "f1-score": 0.8272506082725061,
        "support": 214.0
      },
      "Enrolled": {
        "precision": 0.5949367088607594,
        "recall": 0.3949579831932773,
        "f1-score": 0.47474747474747475,
        "support": 119.0
      },
      "Graduate": {
        "precision": 0.8170103092783505,
        "recall": 0.9577039274924471,
        "f1-score": 0.8817802503477051,
        "support": 331.0
      },
      "accuracy": 0.8042168674698795,
      "macro avg": {
        "precision": 0.758297060191886,
        "recall": 0.7156848113500701,
        "f1-score": 0.727926111122562,
        "support": 664.0
      },
      "weighted avg": {
        "precision": 0.7920149570587135,
        "recall": 0.8042168674698795,
        "f1-score": 0.7912587989915002,
        "support": 664.0
      }
    },
    "roc_auc": 0.9121937911116329,
    "confusion_matrix": [
      [
        170,
        21,
        23
      ],
      [
        24,
        47,
        48
      ],
      [
        3,
        11,
        317
      ]
    ]
  },
  "logistic_regression": {
    "accuracy": 0.7620481927710844,
    "report": {
      "Dropout": {
        "precision": 0.8651685393258427,
        "recall": 0.719626168224299,
        "f1-score": 0.7857142857142857,
        "support": 214.0
      },
      "Enrolled": {
        "precision": 0.4482758620689655,
        "recall": 0.6554621848739496,
        "f1-score": 0.5324232081911263,
        "support": 119.0
      },
      "Graduate": {
        "precision": 0.8782051282051282,
        "recall": 0.8277945619335347,
        "f1-score": 0.8522550544323484,
        "support": 331.0
      },
      "accuracy": 0.7620481927710844,
      "macro avg": {
        "precision": 0.7305498431999787,
        "recall": 0.7342943050105945,
        "f1-score": 0.7234641827792535,
        "support": 664.0
      },
      "weighted avg": {
        "precision": 0.7969530006593896,
        "recall": 0.7620481927710844,
        "f1-score": 0.7734904246004646,
        "support": 664.0
      }
    },
    "roc_auc": 0.8979587189256778,
    "confusion_matrix": [
      [
        154,
        48,
        12
      ],
      [
        15,
        78,
        26
      ],
      [
        9,
        48,
        274
      ]
    ]
  }
}